,word1,word2,prediction
0,abandon,frost,-74454.5954390993
1,abandon,railroad,-32661.60227239313
2,abortion,religion,-60729.32360894505
3,abstract,candle,-14678.499446469297
4,abstract,frog,-17749.567346839754
5,abstract,moon,-139569.63029255343
6,abstract,rally,-385205.4894858067
7,abuse,abuse,-0.0
8,abuse,disorder,-241760.62175424775
9,accommodate,adjust,-11373.306335450514
10,accommodation,accommodation,-0.0
11,accompany,walking,-168404.46161251207
12,account,explanation,-393323.70486534445
13,account,invoice,-508659.592669793
14,act,improvement,-661920.6274463732
15,action,adjustment,-1069100.1091184116
16,action,entrance,-989312.1476910104
17,activity,solo,-223481.67439412116
18,activity,variation,-299774.152795066
19,actor,amateur,-151097.1317464365
20,ad,track,-374129.9795966638
21,add,increased,-244684.6060952757
22,add,string,-378772.21511351643
23,addition,segment,-524239.69154767395
24,admitting,confess,-24070.01784378241
25,adult,dentist,-136462.84220255716
26,advance,advance,-0.0
27,advance,string,-246004.03090599933
28,advice,recommendation,-151720.26506370213
29,advised,murder,-414759.2362720816
30,aerial,clown,-21052.10421786869
31,africa,territory,-383098.5970347591
32,age,history,-687730.8225686859
33,agency,police,-2353915.5477280826
34,aim,intending,-144594.45684050268
35,air,cold,-1239605.0039395613
36,air,plasma,-1659483.7324511507
37,air,satellite,-1440834.13188958
38,aircraft,fleet,-279979.5896168148
39,aircraft,flight,-178102.57002637544
40,aircraft,yacht,-379559.18895344826
41,airplane,plane,-579960.9929046937
42,ale,bitter,-148787.62568170755
43,alley,street,-1171050.0823944274
44,aluminum,component,-15321.182460893753
45,aluminum,imperative,-37593.69447128087
46,american,lobster,-3694575.814820289
47,ammunition,intolerable,-79534.27724572604
48,amount,number,-1406908.075377702
49,amounted,make,-4133976.9791452703
50,amusement,athletics,-60508.89707307484
51,amusement,procedure,-107255.40897316116
52,anatomy,palm,-282339.93843060936
53,ancient,city,-3920363.622564364
54,angel,asphalt,-61816.89872518684
55,angel,pod,-73053.40992725798
56,angrier,stormy,-19047.721438534318
57,animal,asia,-468029.23475355736
58,animal,flora,-182606.4909853971
59,animal,giraffe,-193391.73173380506
60,animal,mural,-182821.0395906334
61,animal,wild,-80728.1274587732
62,animal,worm,-179764.88296939465
63,animal,zoo,-132532.23326421386
64,anniversary,marriage,-130616.16971876101
65,answering,counter,-97443.050362763
66,anxiety,insecurities,-70213.37823378119
67,apartment,staircase,-283948.05614407663
68,appliance,dryer,-10726.076589321952
69,appreciate,see,-2413583.97227629
70,approach,avenue,-290685.7044679015
71,approach,merit,-401318.4548036634
72,approach,trench,-437908.24026843806
73,approval,encouragement,-424485.47099989204
74,approving,interaction,-15021.859971388389
75,aquarium,coin,-12534.749379225716
76,arch,brick,-43683.9560136213
77,arch,roof,-147411.39775132737
78,architecture,urban,-140992.3403947889
79,area,space,-926470.7803460415
80,argument,evidence,-768221.1841195232
81,arm,bicycle,-223919.02013897817
82,arm,television,-1063476.516125297
83,arrange,discard,-50066.04877559235
84,arrange,study,-861351.8128267908
85,arrangement,blizzard,-81579.56372155964
86,arrangement,room,-908310.4333921316
87,art,craft,-802012.3448962619
88,art,gem,-872238.4903465329
89,art,museum,-313380.0756876543
90,art,painting,-761035.5700517544
91,article,cup,-1026773.341953329
92,article,girl,-194109.91415432672
93,ash,bone,-63488.43960911295
94,ash,coil,-33799.903446607816
95,asphalt,crane,-15176.07034116543
96,asphalt,water,-1264225.7461640327
97,assets,exclude,-369391.2729180263
98,association,organization,-163092.69296016902
99,association,realtor,-1025007.7455141485
100,asylum,dollar,-918135.9617545754
101,asylum,shelter,-26585.04338909368
102,athletics,racing,-168463.2466385474
103,athletics,swimming,-28919.64268451476
104,attempt,give,-1200746.8279587491
105,attempt,initiate,-592614.4702527943
106,attitude,notice,-29284.633103387197
107,attitude,study,-763462.3753565073
108,attorney,lawyer,-136597.4945085007
109,auto,bright,-104074.56250208309
110,automobile,fabric,-27711.781609993915
111,automobile,racing,-176718.08591935373
112,autumn,foliage,-34355.51965841875
113,autumn,hat,-42738.38408269554
114,autumn,sunshine,-10108.887970494103
115,autumn,winter,-396018.36679628846
116,award,citation,-319401.74345641804
117,baby,treat,-166157.99297054592
118,back,lumbar,-4260295.786711763
119,back,shifting,-4191263.630531609
120,bacon,bread,-58443.24417757804
121,bacon,pepper,-70819.31660218172
122,bacon,salad,-20712.608165076515
123,bacon,tomato,-14149.616567243147
124,bacon,wild,-228777.92258651197
125,bag,cop,-116628.31100551877
126,bag,flag,-111311.90614215535
127,bakery,cake,-45146.25957928296
128,bakery,vehicle,-297531.02307322563
129,balance,gauge,-257860.254480988
130,banana,salad,-23547.272750787524
131,band,guitar,-244354.37543043945
132,band,metal,-109091.91877036536
133,band,play,-1958563.3120236362
134,band,uniform,-196495.57623264712
135,band,vinyl,-288367.48149366665
136,bank,smell,-2444266.746549361
137,bankruptcy,enterprise,-152730.851673785
138,bar,diner,-292707.20512143185
139,bar,ship,-68043.2249897075
140,bar,stair,-305837.5168958189
141,bar,sushi,-295355.73256498674
142,barn,food,-1112527.0949590423
143,barrel,gallon,-51044.47767388753
144,base,club,-193359.88105602493
145,baseball,born,-200208.0043804437
146,baseball,cactus,-520212.83340955747
147,baseball,game,-3102533.3089290163
148,baseball,hockey,-318891.62492765515
149,baseball,season,-2240053.008949121
150,basket,dinner,-155419.5248352019
151,basketball,lesson,-279547.35082092957
152,basketball,squash,-363343.24653143116
153,bat,bats,-79640.61069580028
154,bath,bedroom,-35531.1563560768
155,bath,floor,-520260.67439121346
156,bath,hot,-367208.4841108655
157,bath,sleep,-117187.36501005501
158,bathroom,chamber,-139700.65489109265
159,bay,curve,-439128.2056279229
160,bay,harbour,-468926.5774116457
161,beach,cliff,-501245.15068577026
162,beach,pebble,-523566.884902015
163,bead,chess,-38484.933623432524
164,bead,gold,-721919.7316350343
165,bead,redhead,-1583.8083848748759
166,beam,column,-267598.39231206285
167,beard,hair,-197972.67510441964
168,beat,meter,-639725.3065003769
169,bed,candy,-132443.3254641394
170,bed,floor,-389311.5580303268
171,bed,furniture,-80775.04978642863
172,bed,layer,-130704.99451053876
173,bed,pillow,-171228.16563579693
174,bed,relax,-137031.75165632248
175,bed,sitting,-103153.69362267137
176,bed,staircase,-169443.71345966237
177,bedroom,canyon,-20278.28476474294
178,bedroom,ceiling,-40440.05338769957
179,bedroom,cell,-222257.93510693932
180,bedroom,construction,-463977.8995588048
181,bedroom,door,-370177.30250921677
182,bedroom,downtown,-247976.59470401678
183,bedroom,room,-937159.3851730874
184,bedroom,stair,-67898.04778489596
185,bedroom,staircase,-54437.67675975912
186,beef,chicken,-45268.17680225238
187,beef,lamb,-115537.71352679627
188,beef,pepper,-88415.37865665676
189,beef,potato,-114125.9512118084
190,beer,patio,-142761.7047705722
191,beer,wild,-116506.23311222447
192,being,characters,-3239356.7373995725
193,believe,week,-2998607.8674534974
194,belly,black,-1216210.5529142574
195,belly,dance,-206171.0926948782
196,belly,dark,-253704.22295854648
197,belly,field,-1162580.3551152935
198,belly,stripe,-17108.046907815064
199,bench,game,-3440440.869152826
200,benefited,get,-4301198.624592219
201,bent,double,-414794.9914463768
202,bent,inclination,-39738.950967533136
203,berlin,germany,-683310.2924352898
204,berry,blossom,-29890.18345544248
205,berry,bright,-121829.69447142206
206,berry,dessert,-18936.58108001561
207,berry,ivy,-16810.178672459275
208,berry,raspberry,-34816.26708881922
209,berry,seed,-100547.3838595514
210,berry,sweet,-100300.34320479662
211,bias,prejudice,-24500.669235757712
212,bible,misty,-83355.70723111895
213,bicycle,green,-587815.4135653471
214,bigger,large,-902841.5303335356
215,bike,chopper,-40454.69761350345
216,bikini,ivy,-18166.0685620196
217,bin,cup,-1054503.9364056443
218,bird,cock,-170218.85865849294
219,bird,dragonfly,-171096.04131013688
220,bird,flamingo,-167283.96018447183
221,bird,goose,-155057.23670309637
222,bird,insect,-156790.18790727956
223,bird,reptile,-167407.5480436889
224,bird,shade,-138244.8290859372
225,bird,solid,-41094.12268196025
226,bishop,priest,-15782.12945074275
227,bishop,radical,-63060.48189635103
228,bishop,wine,-142360.02096796772
229,bit,curb,-433906.0680389243
230,bit,tool,-418547.48849801935
231,bitter,taste,-44547.922162543065
232,black,blue,-755598.0902351456
233,black,bright,-1081859.3013382093
234,black,brown,-656574.4156415183
235,black,cigarette,-1140194.195348756
236,black,juvenile,-1180322.9421624416
237,black,skirt,-1212420.7965479637
238,black,white,-1009161.241754261
239,blast,smashing,-240670.85019378655
240,blaze,pig,-33066.94970813002
241,blessing,patronage,-38316.87462463503
242,blizzard,rash,-8660.743559302582
243,block,hinder,-370120.72067097237
244,blonde,haircut,-9696.550211286502
245,blonde,wig,-8444.006158216647
246,bloom,flower,-73769.87092980431
247,bloom,friend,-412101.5157979877
248,bloom,plant,-485509.8053273491
249,bloom,purple,-75198.92015847034
250,blossom,bud,-33665.6513378249
251,blossom,cherry,-25324.520350837956
252,blossom,daisy,-2285.2890407998634
253,blossom,foliage,-5892.183805687025
254,blossom,orange,-180321.17273076985
255,blossom,petal,-9023.093649076238
256,blossom,purple,-39514.82320598171
257,blow,contact,-350263.2433770346
258,blow,swat,-212328.57252616773
259,blowing,smoking,-86868.13561945502
260,blue,colour,-490513.3302469974
261,blue,happy,-182779.5325221071
262,blue,report,-1853750.0264140258
263,blue,shade,-460631.64235102123
264,blue,skirt,-466099.98384359526
265,blues,rhythm,-71680.429149106
266,blur,focus,-582317.9075668212
267,blur,metro,-43939.73387493358
268,board,deal,-465553.36148823955
269,boardwalk,park,-821939.6151007685
270,boast,complain,-74901.88109119819
271,boat,negro,-255042.114136077
272,boat,shore,-148402.86540697285
273,bold,forward,-613281.4474692671
274,bold,leader,-1798017.6218683177
275,bone,skull,-63121.75765138352
276,book,building,-274318.43475967844
277,book,smoking,-917987.4454010796
278,booklet,reference,-133588.1627727549
279,boot,kick,-157758.9985959602
280,boot,punch,-36281.010404893896
281,bootleg,produce,-374713.73795605527
282,bootleg,whiskey,-7322.905434320427
283,born,construction,-208245.88477326583
284,born,mother,-384609.49545480526
285,born,subway,-320752.8875302624
286,bottle,wine,-161536.96635754968
287,bound,line,-1415119.8673585916
288,bound,skirt,-103183.16888427101
289,bowling,wheel,-39321.55993853783
290,boxer,stair,-43389.02632002742
291,boxing,hit,-1522544.5721538004
292,boy,hand,-481760.8110452739
293,boy,live,-535888.9779777158
294,bracelet,jewelry,-60700.458597937984
295,bracelet,mountain,-341454.3883537012
296,brain,head,-1446210.1083103365
297,brake,click,-36171.21499203466
298,branch,tea,-93375.80841417094
299,brass,executive,-1289791.299477555
300,brazil,nut,-336831.0869738718
301,brazil,triple,-229501.06161410245
302,bread,bun,-92925.3303357057
303,bread,cooking,-36088.318109881584
304,bread,cover,-422676.6937837948
305,bread,dessert,-74699.09993433661
306,bread,egg,-31949.55328326199
307,bread,medicine,-187572.71520399756
308,break,glittering,-678117.0516312072
309,break,scattered,-565591.5506149291
310,breakfast,diner,-85013.00650488738
311,breakfast,evening,-351775.4322916827
312,breakfast,lunch,-82755.37881612318
313,breakfast,makeup,-37053.30836780996
314,breakfast,morning,-932272.5712360094
315,breakfast,people,-8451159.62326845
316,breakfast,relax,-54812.694998512816
317,brick,cement,-14490.297926543806
318,brick,construction,-467758.2070503953
319,brick,skyscraper,-54042.516965811286
320,bride,photographer,-39764.298459799465
321,bright,dark,-119350.53056019475
322,bright,fruit,-46630.27236677902
323,bright,mist,-148117.61608262509
324,bright,raspberry,-155893.64264459212
325,bright,shade,-126758.02482683279
326,bright,sky,-40611.58696726835
327,bring,presenting,-902942.5472985536
328,bring,return,-496201.4685155614
329,broadcast,packet,-297887.2972803643
330,bronze,sculpture,-87082.75379201106
331,bronze,suspicion,-58881.84615821774
332,brown,green,-90623.93495098288
333,brown,hawk,-564441.8777527068
334,brown,purple,-549958.8204965899
335,brown,white,-1605541.0491451179
336,brussels,sweden,-119252.26425942582
337,bucket,water,-1259652.410342235
338,bud,flower,-17553.9644240267
339,bud,ivy,-20140.102085143502
340,budget,fund,-294065.2896926108
341,budget,scale,-942400.7126334301
342,bug,insect,-25522.440263423072
343,building,cafe,-1156842.27091164
344,building,construction,-721853.6728665992
345,building,downtown,-931935.6130017786
346,building,floor,-731863.5158060552
347,building,ministry,-348908.39407930564
348,building,tall,-1140462.5304585837
349,building,zombie,-1240344.8905889047
350,burger,cooking,-99179.19812137992
351,burger,dessert,-12996.916288104665
352,burger,salad,-30062.99770482012
353,burger,soup,-40276.84399254726
354,burn,fire,-1057397.9840807344
355,burn,ripple,-71167.35277499087
356,bus,rail,-264865.5568340292
357,business,railway,-2490712.212318395
358,butter,stick,-107200.47569857148
359,butterfly,caterpillar,-19772.343791265637
360,butterfly,dragonfly,-31130.314534228593
361,butterfly,glittering,-18164.322695878287
362,button,sticker,-42339.60821736556
363,cafe,child,-582520.4404284891
364,cafe,coffee,-149398.47068159768
365,cafe,dinner,-159567.48273379492
366,cafe,donut,-87710.56215758774
367,cafe,lunch,-96483.87649757863
368,cafe,pub,-61377.31675464458
369,cafe,reflection,-42076.43999912511
370,cafe,relax,-46751.43730410867
371,cafe,shop,-156021.49539406426
372,cafe,spiral,-59732.928732818684
373,cake,christmas,-273394.7681576952
374,call,meeting,-595746.2272570432
375,call,statement,-603128.7032831402
376,call,telephone,-1075996.3352377182
377,camel,desert,-173456.71682584137
378,camp,camp,-0.0
379,campaign,conspiracy,-1704995.084226343
380,can,sketch,-6755637.794219727
381,candidate,republic,-236916.52346554515
382,canine,dog,-207969.28026754363
383,canyon,landscape,-62287.24197618625
384,canyon,river,-527459.6560676467
385,car,insurance,-685972.2519949325
386,car,pig,-1180182.3922538413
387,car,skull,-1181896.7318412394
388,card,playing,-630719.4730845082
389,card,see,-2165061.8125032815
390,carrier,carrier,-0.0
391,carrier,traveler,-133143.5744713202
392,carrier,vehicle,-161820.45731303538
393,carrot,memorial,-241400.15936614474
394,carrot,salad,-44209.35350126713
395,cart,wagon,-36150.91824559899
396,cartoon,wit,-25816.53224195698
397,case,clients,-1863357.2102313067
398,cast,cast,-0.0
399,cast,shoot,-222373.68657509825
400,castle,patio,-52998.1170514575
401,castle,ruin,-32456.48053933134
402,cat,garden,-192482.75201949908
403,catch,catching,-208793.0660462651
404,catch,hooks,-255413.4083207066
405,catching,perceive,-45770.06239890858
406,catching,playing,-900010.6898770703
407,category,flavor,-490313.1551386322
408,catering,loan,-254816.92470477667
409,caterpillar,paint,-110018.25683494526
410,cathedral,step,-662495.7774167325
411,cattle,goat,-98307.56649414107
412,cattle,web,-757903.8629107252
413,cautious,film,-926720.6637174976
414,ceiling,marble,-62368.14726284577
415,ceiling,mug,-82916.29547923616
416,ceiling,room,-905328.4830325401
417,ceiling,staircase,-86942.26572271976
418,ceiling,wall,-673805.4063756092
419,cell,membrane,-282210.8578563204
420,cemetery,grave,-47267.78121511542
421,cemetery,memorial,-165068.37628691885
422,center,center,-0.0
423,center,refer,-2232328.7362200916
424,century,period,-291562.0139970222
425,century,temperature,-695566.9876295155
426,ceramic,floor,-541675.3976174303
427,chance,fortune,-900470.3942412542
428,chance,opportunity,-488182.40509055706
429,chance,ring,-807880.9610511926
430,change,laundering,-1312486.5440940708
431,change,transforming,-1332197.282099764
432,change,yielding,-1339224.8272373837
433,channel,sound,-197590.3283513647
434,chaos,death,-1486011.7803328484
435,chapel,porch,-20519.14272088381
436,chapel,ruin,-17847.508453562972
437,charcoal,fuel,-393688.1596860642
438,charge,damage,-277129.7726860101
439,charge,sentence,-495846.3690600131
440,checked,checked,-0.0
441,cheer,musician,-19622.755183714675
442,cheese,food,-1051563.7986289738
443,cheetah,flame,-33481.51867821991
444,chemical,intermediate,-276650.74540835846
445,chemistry,patient,-143306.31868832582
446,cherry,fruit,-87282.03271005998
447,cherry,grape,-14619.741174179439
448,cherry,lamb,-7698.632735752582
449,cherry,meat,-139604.07380517264
450,cherry,orange,-155663.97355200714
451,cherry,raspberry,-30172.60883649266
452,chess,family,-1969011.551251288
453,chess,toy,-41141.68867462777
454,chicken,lamb,-122746.96857356586
455,chicken,poultry,-104915.71302240666
456,chief,guru,-1971786.9679110898
457,child,lad,-661910.9134173575
458,child,street,-591802.9450484343
459,chile,plate,-69303.79027874283
460,chocolate,rock,-304919.6461840398
461,choice,option,-215160.79737489345
462,chopper,poppy,-6338.169767369778
463,chord,play,-2237362.256208636
464,christmas,valentine,-297790.5265333335
465,church,porch,-912423.4619199578
466,church,temple,-805718.5621574081
467,circle,oval,-82926.78371913359
468,circle,sport,-175032.53125347852
469,city,round,-3009526.6488278504
470,city,ruin,-4078786.759754915
471,city,sidewalk,-4067485.9381581107
472,city,square,-3666743.319576652
473,city,urban,-3898120.1088606785
474,class,sex,-120969.41400205228
475,cliff,coast,-658932.2255262672
476,cliff,harbour,-32449.34939255339
477,cliff,waterfall,-32329.32282000357
478,clinic,session,-405483.62658312166
479,clock,timer,-119638.74808355348
480,close,short,-778030.7313062892
481,closed,closed,-0.0
482,closed,state,-4359529.107096546
483,closed,up,-9228189.970702646
484,closing,closing,-0.0
485,closing,finale,-292157.1330534314
486,clothes,short,-655965.8550976568
487,cloud,energy,-753007.2425375481
488,club,hockey,-627026.179941476
489,club,shirt,-761203.518487664
490,clubhouse,pop,-122298.75132232554
491,clue,parish,-24096.04660520075
492,coast,scenery,-678479.0936285359
493,coast,sunk,-673290.8336959594
494,coast,zebra,-694023.2515298023
495,coat,resurfacing,-54438.807003827744
496,coat,roof,-116062.21752146582
497,cock,penis,-5889.334427590296
498,cocktail,garage,-43610.17186391285
499,cocktail,restaurant,-284116.36078374623
500,coffee,meeting,-1708256.285189665
501,coffee,tea,-133162.53041678068
502,coin,gold,-693939.7361169063
503,coin,silver,-232350.32169764696
504,coin,ticket,-178909.93964282708
505,cold,mist,-428021.62853645586
506,cold,rain,-344821.1430568027
507,cold,silver,-200520.7449841535
508,cold,sunny,-365556.4342902475
509,cold,sunshine,-389997.91793803254
510,cold,water,-848809.3449473798
511,cold,weather,-109519.00210009198
512,cold,winter,-72590.19880121546
513,coldness,cool,-218118.6183845847
514,collage,exhibition,-191262.80401322193
515,collage,paint,-117821.5535757361
516,collage,sculpture,-43954.88976211902
517,collage,stream,-93006.33688088157
518,collapse,shock,-175740.3952254576
519,collar,tiger,-136973.5189407064
520,collect,collect,-0.0
521,collect,scrape,-112766.29745185368
522,collection,library,-144512.08311764133
523,collection,packet,-326789.4469761842
524,color,quality,-121968.60005755551
525,color,wash,-239272.65719049601
526,colorful,outfit,-32978.74130405823
527,colorful,shot,-1256784.124800277
528,colorful,toy,-21403.216907745453
529,colorful,wood,-132136.37247177606
530,colors,emblem,-91615.35901801624
531,colour,grey,-16685.078962953623
532,colour,shade,-30402.708283967124
533,comfort,relief,-264945.70442451024
534,comment,mention,-532616.6745793831
535,commercial,manufacture,-473195.92303717014
536,commitment,guarantee,-128176.92698375974
537,communication,theater,-303123.36981004936
538,compact,short,-791132.2118211344
539,company,distributor,-4203062.915754298
540,compartment,stalls,-5396.009544098278
541,compatible,software,-534081.3506657942
542,competes,race,-1271598.932716602
543,compound,enhance,-119585.98917933488
544,compound,whole,-503722.5782084817
545,computer,lab,-936890.9625479376
546,computer,number,-993780.2934059432
547,computer,platform,-903227.5711214754
548,computer,railway,-979474.7474202684
549,concentration,focus,-518020.45910851884
550,concert,jazz,-27057.36785055043
551,concert,sing,-85568.61360335314
552,concerts,settle,-153908.9291366812
553,conclusion,judgment,-22309.19839438428
554,conclusion,situation,-726980.5733016531
555,concoct,request,-428962.9524492756
556,concrete,interior,-219919.3044755303
557,concrete,pin,-121678.42803060841
558,cone,palm,-254264.81861633947
559,congress,sex,-1086444.4002713638
560,connection,keyboard,-243683.49143304784
561,consequences,position,-722044.3397562236
562,consistency,phase,-131089.4229829392
563,construction,downtown,-224791.11248000883
564,construction,interior,-179329.31993960167
565,contact,print,-422370.66080162
566,control,driving,-1268357.1550107643
567,cooking,dessert,-105678.18225632021
568,cooking,eat,-90293.47745546198
569,cooking,food,-1017075.1161566181
570,cooking,frozen,-31428.17512996892
571,cooking,salad,-76808.12164738843
572,cool,cool,-0.0
573,cool,jazz,-72344.35397458471
574,cool,state,-4971473.383383635
575,cop,dirty,-54237.75808419798
576,cop,music,-926154.4947669362
577,cop,ruin,-8695.601301807696
578,cord,eclipse,-10024.479637367742
579,corn,pepper,-87900.18480640458
580,cost,price,-378399.9183826561
581,costume,halloween,-7137.26165976846
582,costume,radiation,-39217.36546480393
583,cottage,patio,-10713.466712507165
584,council,minister,-1571812.7121158564
585,count,investigation,-634038.9697778826
586,count,number,-1688823.396625594
587,counter,furniture,-50072.630877556236
588,counter,negative,-78786.59795295121
589,couple,family,-1411570.2873537682
590,couple,makeup,-546088.3755061986
591,couple,race,-713726.7588321182
592,cousin,relation,-32515.900033675887
593,cover,feather,-505466.36197080393
594,cover,sleeve,-504757.0848903454
595,covering,skin,-42571.148528081845
596,cowboys,ranch,-125691.00748661342
597,crack,cracking,-104136.63497540122
598,cracking,noise,-57243.2853442219
599,cracking,sound,-396946.491635838
600,craft,game,-3536480.914436412
601,crane,stair,-29701.34572708788
602,crash,swing,-296746.4555946718
603,creation,stitch,-190900.35938677544
604,credit,flap,-564364.6757150902
605,credit,foundation,-218584.4697594043
606,crew,unit,-154186.60293618264
607,critic,reviewers,-101150.55397277877
608,crochet,family,-2008934.2044322914
609,crochet,jewelry,-66298.56142481515
610,crochet,knitting,-5659.783653108989
611,cross,mug,-435833.8735504621
612,cross,post,-317390.7005238178
613,cross,pub,-430228.2338085216
614,cross,shopping,-235813.16505445522
615,crush,push,-357416.1329095256
616,crush,split,-228352.028996898
617,crystal,spiral,-26337.04311421449
618,cube,dice,-18271.52722133523
619,cup,handbag,-1378318.4186370005
620,curb,smother,-92329.24991572263
621,curb,train,-314929.0336186866
622,current,flow,-941053.3476971437
623,cut,gore,-849808.530860335
624,cute,fashion,-259397.64415275693
625,cute,friend,-434326.2107794093
626,cute,fun,-265159.92470582714
627,cute,haircut,-20732.438279179634
628,cylinder,pen,-66931.1795428706
629,daisy,foliage,-6991.8532593296795
630,daisy,grass,-110715.333825085
631,daisy,petal,-7990.097308543901
632,dance,hotel,-418292.4734094546
633,dandelion,foliage,-14283.020758929113
634,dandelion,grass,-118497.18681892836
635,dandelion,petal,-453.74111561549773
636,danger,status,-159941.58567114422
637,dark,flamingo,-273913.7508578201
638,dark,pod,-273255.5195416918
639,dark,white,-1912412.8040054527
640,dashboard,protection,-401078.7780449128
641,daughter,graphic,-285728.97880159185
642,daughter,pub,-417125.9179564362
643,dawn,day,-4107117.7556682033
644,day,glide,-4214333.51647304
645,day,horse,-4032867.55524825
646,day,independence,-3767989.9044945696
647,day,night,-2022751.0118796155
648,day,sunny,-4145911.842097344
649,day,sunset,-4179461.330202974
650,day,weather,-3754437.8590019327
651,dead,sidewalk,-749201.2811274417
652,deaf,people,-8519038.537422339
653,death,funeral,-1422966.7563572945
654,decision,option,-1439331.9345960487
655,decoration,tulip,-5470.110145143298
656,defeat,ending,-60009.64739939743
657,defeated,people,-8323606.862888291
658,degree,quantity,-229622.28024954355
659,demand,supply,-409304.87887881364
660,demolition,interior,-353864.333934631
661,demolition,skyscraper,-18270.53666425813
662,demolition,tall,-79806.47117872069
663,desert,mountain,-161798.23350704435
664,deserve,merit,-30175.114200281005
665,deserve,want,-2694641.901920178
666,design,graphic,-191059.87919497854
667,design,orange,-160661.26556827564
668,designation,recognition,-122534.94363241855
669,designs,intend,-39749.54278982337
670,dessert,head,-1661765.4459345315
671,dessert,salad,-32783.45573608777
672,determination,selection,-72213.31692977402
673,development,twist,-905890.5069344754
674,diamond,parade,-54059.5547058981
675,diamond,short,-759855.4373181795
676,diamond,stencil,-85895.84426501695
677,difficulty,problem,-1095741.9716050853
678,digit,toe,-34117.71544227395
679,dilute,market,-2809620.517079126
680,dinner,sitting,-73132.8351016146
681,dinner,sleep,-104737.81765914371
682,direction,direction,-0.0
683,direction,traveling,-104915.49673904249
684,dirt,racing,-165441.96319555663
685,dirt,road,-849788.5997599636
686,dirt,sand,-22681.568243840542
687,dirty,dude,-82257.56410811105
688,dirty,rabbit,-72843.44043906768
689,dirty,washing,-61932.66093104697
690,discharge,spread,-431825.25787174614
691,discipline,discipline,-0.0
692,disk,dot,-36871.59285954425
693,display,stick,-86785.16697569951
694,dissipate,isolate,-24062.792481339337
695,distinction,sword,-29712.47175850571
696,distinguish,medal,-239602.92182275327
697,distinguish,sex,-344028.0524506681
698,disturbance,upset,-201489.1110233998
699,diversion,skiing,-46898.147639325696
700,dock,herb,-16669.698947491517
701,dog,husky,-209195.0705083653
702,dog,secretary,-839995.7608839455
703,doll,new,-14001477.280775623
704,dome,interior,-303632.5785138997
705,dome,uniform,-42559.09476245907
706,donut,panda,-7421.379521355808
707,door,interior,-120287.3727288114
708,door,porch,-405595.7102324926
709,door,room,-579428.8467508317
710,downtown,field,-879088.9604346068
711,downtown,hockey,-122022.634367563
712,downtown,ruin,-280028.7512363691
713,downtown,shopping,-94598.20917966688
714,downtown,subway,-196625.2922591592
715,drag,drawing,-103834.55544278129
716,dragon,drop,-479598.6982415607
717,dragonfly,frog,-12442.71019513028
718,dragonfly,insect,-14550.56693053564
719,draw,draw,-0.0
720,draw,entertainer,-363049.4848502057
721,dress,match,-877759.1979261719
722,dress,neckline,-138303.58547051498
723,dress,outfit,-106329.05289712669
724,dressing,patch,-16325.17978461495
725,drill,implement,-63558.919256073066
726,drink,turn,-816329.1287838508
727,dripping,hot,-393273.0596621126
728,dripping,round,-1138751.5231717578
729,dripping,wet,-64786.4215480374
730,drive,drive,-0.0
731,drive,operate,-460918.64300004084
732,drop,drop,-0.0
733,drop,measure,-120314.84839370396
734,drop,sink,-452481.71045358275
735,dropping,dropping,-0.0
736,drought,time,-7238503.321827792
737,drug,reflection,-1030814.3193669773
738,drug,sing,-1004708.9026623572
739,drug,wolf,-1013577.2780641835
740,dude,fun,-283252.0163970588
741,dude,hanging,-107546.65367643937
742,dude,sitting,-270862.84245167277
743,dude,smile,-101499.9295911085
744,dusk,hummingbird,-15375.056227539437
745,dusk,misty,-10061.475339133925
746,dye,kiss,-36866.68506931414
747,eagle,feather,-70749.99096113032
748,ear,organ,-27483.10855780329
749,earn,make,-3992661.4666345045
750,ease,relaxation,-190279.4166062112
751,ease,rest,-796372.829849814
752,east,israel,-382692.4735920481
753,easter,preference,-18389.876644501954
754,eat,rabbit,-186705.0647572261
755,eat,soup,-142440.82448862772
756,eat,truck,-146354.09310299464
757,educated,learned,-322789.69637211226
758,effects,effects,-0.0
759,egg,lego,-66553.51385914942
760,egg,nest,-43412.370713887474
761,egg,white,-2115020.1684690863
762,eight,movement,-559342.2829332693
763,element,mixture,-49050.0851579281
764,element,situation,-765339.2322107886
765,elephant,giraffe,-34860.39430356453
766,emission,gum,-9671.730868877623
767,endeavor,worst,-532437.8487532599
768,enemy,strike,-507606.7691294117
769,enforcing,execute,-11690.535017696959
770,engine,gasoline,-70214.91879935503
771,engineering,technology,-800075.2576633032
772,english,french,-746906.2798972841
773,enhanced,increased,-592437.1492386338
774,enjoy,suffering,-88619.64364067384
775,enterprise,industry,-1512670.7864518987
776,entrance,registration,-59321.00740041401
777,equipment,seat,-151055.00810631804
778,escalator,railway,-66460.10516091593
779,escalator,redhead,-1827.4296156076873
780,establishment,establishment,-0.0
781,evaluate,forecast,-233912.7064911193
782,evening,fun,-204073.48993683624
783,evening,night,-1788946.2504930103
784,evening,time,-6887340.374896615
785,event,influence,-439410.5330326077
786,evidence,format,-873744.9581531208
787,evidence,record,-607495.4873116366
788,evil,worst,-418753.01394855714
789,evolution,publicity,-30808.827322700752
790,examination,quiz,-55393.51001696856
791,executive,organization,-439672.8257534228
792,exhibit,parade,-27018.31967388029
793,exhibition,painting,-73758.09636914432
794,exhibition,soup,-135242.2307010644
795,expect,think,-2067150.6187273832
796,expectation,possibility,-375553.75761001324
797,expedition,mystery,-73736.71820741694
798,explosion,stencil,-303503.7041223717
799,express,mail,-45543.00330456968
800,extending,increase,-1061419.221900093
801,extort,school,-2011120.8980881795
802,eye,face,-882834.8900100167
803,eye,lip,-282369.09977899474
804,eye,sky,-135435.1972125414
805,fabric,lace,-38619.826967504436
806,fabric,sail,-17742.44205288538
807,face,stop,-294493.83206953574
808,face,tear,-1079509.2752593656
809,fair,midway,-309400.984985504
810,family,town,-754654.0944823687
811,fantasy,fiction,-29280.58245663858
812,fantasy,recycling,-45139.00840736305
813,farm,wind,-178047.0651681739
814,farmer,individual,-443589.87233141466
815,fashion,handwriting,-275284.30632348126
816,fashion,outfit,-253418.3272989547
817,fauna,toy,-74422.55636566103
818,fbi,investigation,-490587.91653994075
819,fear,fear,-0.0
820,feather,flamingo,-4921.831264885064
821,feather,grey,-11586.581549361272
822,feather,hummingbird,-7837.203391516699
823,feather,mallard,-8014.236644871427
824,feather,nest,-20558.85740988545
825,feather,sunflower,-5305.672247698689
826,feedback,flow,-210295.37163237797
827,feel,friend,-488841.07983781426
828,feel,stop,-262958.1128925285
829,feel,tear,-801263.9441133006
830,feline,kitten,-937.3921271271564
831,feline,kitty,-12947.885503046436
832,feline,nut,-11102.475039377525
833,feline,pumpkin,-14734.001527080116
834,feline,reptile,-1675.8914045963863
835,female,old,-1170295.1467557228
836,female,square,-219230.0923025858
837,festival,gate,-127218.8954794059
838,festival,music,-726425.8336072591
839,fiction,romance,-33545.80975323167
840,field,handle,-957993.8503341249
841,field,play,-1120030.1382480725
842,field,science,-785061.6836249238
843,fighting,resist,-984001.6997134697
844,filing,formations,-142539.34471225817
845,filled,filled,-0.0
846,find,occurrence,-1425655.3802486758
847,fine,precise,-346247.650851236
848,finger,toe,-45034.544907215495
849,fingerprint,football,-581179.1730559518
850,fire,flame,-1104637.9560435174
851,fish,fishing,-134204.0440784109
852,fishing,shore,-61727.57489971543
853,fishing,word,-358596.94855645334
854,five,month,-579858.7732189622
855,flame,peacock,-29645.11064239756
856,flame,reaction,-226917.40962297234
857,flat,housing,-214770.31472947943
858,fleet,travel,-524030.9735759899
859,flight,plane,-115068.89773088136
860,flight,shoot,-434353.8746886006
861,flood,flood,-0.0
862,flood,line,-1400416.5817373786
863,floor,interior,-234400.25587230068
864,floor,stair,-551633.1253315012
865,flour,garlic,-20496.836024128166
866,flower,foliage,-42690.36897240392
867,flower,garden,-215346.9866935686
868,flower,lily,-44935.28289662835
869,flower,petal,-56530.23532588548
870,flower,spring,-450401.63830741204
871,flower,yellow,-124833.3111713377
872,flush,good,-2842678.174163935
873,flyer,justice,-925966.9127398664
874,fog,mist,-37767.60847604726
875,fog,sunny,-42634.373385802406
876,foliage,fruit,-106871.8038913915
877,foliage,garden,-257110.78016100382
878,foliage,moss,-33426.19255912945
879,foliage,pink,-67648.01546239138
880,foliage,purple,-34540.75336468513
881,foliage,violet,-8292.671403112534
882,followed,tailgate,-673533.6896043128
883,follower,planet,-112879.424542296
884,follower,satellite,-236251.19130281598
885,food,medium,-1042819.3743117735
886,foot,mural,-542344.1062978373
887,foot,outdoor,-468979.9613682865
888,foot,toe,-518865.96792813425
889,football,justice,-392543.8417743938
890,footprint,scooter,-3780.427885835198
891,ford,valley,-106969.77604445165
892,foreign,nation,-1220840.383279481
893,forest,frog,-224234.52933257166
894,forest,ground,-615336.8004093372
895,format,packaging,-54999.05275547919
896,formation,perceive,-61139.35780657214
897,formation,perform,-104742.84824750524
898,forward,player,-314371.7645877244
899,forward,position,-243668.39439902807
900,forward,transport,-490314.74606827705
901,foundation,support,-1520622.7630036944
902,fountain,marble,-11778.021268447348
903,free,skin,-1186068.1248579272
904,frost,lily,-21811.0541239987
905,frost,weather,-449733.5686892843
906,frozen,shop,-130043.76151511475
907,frozen,soup,-53458.73030665793
908,fruit,orange,-75243.20127426779
909,fruit,product,-365562.9080555084
910,fruit,strawberry,-88427.26371996364
911,fruit,sunflower,-117437.67461083311
912,fun,haircut,-285272.2911833525
913,fun,happy,-148527.67155988154
914,fungi,insect,-11269.638192950084
915,fungi,mushroom,-8713.19499380105
916,furnish,impress,-17697.27597682758
917,furnishing,jumper,-41284.73698596133
918,gallery,journal,-142443.33891060005
919,gamble,pyramid,-29662.79830022788
920,game,playoff,-3353502.489253584
921,garage,kitchen,-79581.79136586472
922,garage,opener,-61570.04397432243
923,garbage,lunch,-118385.33701856814
924,gardens,sink,-29244.266036267738
925,gardens,tend,-133631.82600338882
926,gas,neon,-725282.8938248855
927,gas,sewer,-726970.1121146607
928,gasoline,town,-1215676.318325729
929,gauge,meter,-213134.24244358277
930,gem,quartz,-13523.628839923122
931,germany,worst,-382697.4481767551
932,get,regained,-4309917.5274255555
933,get,start,-2855759.984900342
934,giraffe,mist,-10645.790999263505
935,giraffe,zebra,-2530.0549401149383
936,giraffe,zoo,-63046.31977363936
937,girl,sexy,-294330.55796332017
938,glove,wear,-153009.39725062603
939,goose,outfit,-17199.401530285933
940,government,immunity,-7121565.120440233
941,governor,office,-1614088.897439358
942,graduate,graduate,-0.0
943,grape,wine,-226031.52983156993
944,graphic,roof,-169003.27554813877
945,grass,ski,-33992.40293065493
946,grass,skull,-83016.3868763269
947,grass,stop,-870834.89473608
948,grave,memorial,-124657.22166404995
949,grave,santa,-99568.4455889509
950,grave,shore,-31482.3232147818
951,graveyard,ruin,-24127.625432271652
952,gray,property,-286942.2942805741
953,greater,greater,-0.0
954,greater,large,-709968.1573810193
955,green,number,-1391314.2925133784
956,green,yellow,-447187.4894761707
957,greeting,receptions,-14516.645514718659
958,grey,pink,-62308.51151327556
959,grey,rusty,-8248.729538541065
960,grey,white,-2162869.367157435
961,guardian,livestock,-17236.088941520422
962,gulf,ms,-234937.38206168887
963,gun,picture,-97490.04603035176
964,guy,idea,-346839.9863625875
965,guy,kid,-327826.0333347551
966,guy,kiss,-441167.8275611224
967,guy,people,-8077969.698208888
968,guy,poodle,-487978.84793400567
969,guy,sitting,-232272.52580750897
970,guy,smile,-384331.408267657
971,guy,stand,-146355.88436410826
972,guy,tear,-387791.4097681911
973,hail,judge,-875121.9147301695
974,hair,redhead,-230156.29087426662
975,hair,stencil,-232093.34894391033
976,hair,wig,-223550.27076476533
977,hand,left,-1862936.2514026063
978,handle,shop,-59442.08711006011
979,handle,terrier,-237208.50220006876
980,hanging,smile,-34597.38961251286
981,happy,licking,-416005.8928140317
982,happy,mom,-329757.8776284201
983,happy,post,-390180.5371235217
984,happy,sleep,-275451.99051921954
985,happy,stand,-176537.5100481482
986,happy,stop,-590207.2494895335
987,happy,time,-6923004.957678782
988,harbor,sea,-414607.823153399
989,harbor,sunk,-115045.87308982451
990,harbour,ship,-338260.7008669497
991,harbour,shore,-121151.21105461524
992,hard,zoo,-1116226.4169352003
993,hat,jacket,-26295.751596027887
994,hat,jean,-30215.591025164318
995,hat,peel,-70174.53635044565
996,hat,role,-1005765.5945875263
997,health,welfare,-1385633.2828392938
998,heart,wing,-571716.3957522992
999,heater,stove,-11106.40301807919
1000,heel,stack,-8479.620038657422
1001,held,nest,-1635021.6599546943
1002,helix,spiral,-27942.99568764945
1003,highway,road,-685147.9033405852
1004,hill,horizon,-396290.9593152484
1005,hill,mountain,-124926.91194854688
1006,hill,scenery,-428540.26316205127
1007,history,recital,-1414894.1281537637
1008,hit,tourist,-1478118.313929234
1009,hockey,ice,-161238.75807943952
1010,hockey,play,-2039467.9428699045
1011,holiday,travel,-353011.8472884438
1012,home,smoking,-3181873.4357101666
1013,honest,sincere,-72278.17754343289
1014,hood,protection,-360994.72160268517
1015,hope,psychology,-921809.1948353545
1016,horizon,sky,-132528.170661939
1017,horizontal,surface,-215340.21208079124
1018,hostility,war,-3493886.3007313223
1019,hot,hot,-0.0
1020,hot,sunny,-327500.25917547
1021,hotel,kill,-333313.6117577563
1022,hotel,library,-447956.3105984774
1023,hotel,oak,-588024.708935773
1024,house,staircase,-3557696.2422910696
1025,house,windmill,-3570574.4152252306
1026,housing,vault,-345813.4666218201
1027,hummingbird,rodent,-2310.8870591182026
1028,husky,painting,-121536.47963883133
1029,image,visualize,-382871.83977931854
1030,impressive,striking,-36062.126947810386
1031,industrial,lake,-190000.00987894638
1032,information,target,-1329230.8309861023
1033,infrastructure,structure,-77017.604299277
1034,initial,letter,-342598.8397003122
1035,injury,wrong,-175440.61732107526
1036,ink,liquid,-37523.1069342614
1037,ink,organ,-10810.318589199847
1038,insect,lizard,-9705.603587618882
1039,installation,zoo,-17143.698696605705
1040,instruction,lesson,-68069.32247349032
1041,interest,lien,-1353358.0743132986
1042,interior,object,-280847.02303745324
1043,interior,paint,-266183.697077789
1044,interior,roof,-221652.57002119292
1045,interior,staircase,-366198.1109399665
1046,interior,tall,-282167.2113286721
1047,interpretation,twist,-15163.237352228001
1048,intrigue,romance,-44145.97815203542
1049,inventory,listing,-30670.135148055742
1050,invite,requests,-169975.9788411289
1051,ipod,rope,-15620.385078480005
1052,iron,robust,-78765.36500264565
1053,israel,israeli,-260363.43887535314
1054,israel,terror,-1369105.0040106492
1055,issue,up,-8526909.027355691
1056,ivy,oak,-30368.301516548538
1057,jaguar,storm,-332528.44747931
1058,jamaica,queens,-28244.00846197272
1059,jazz,play,-2094299.3797821775
1060,jean,shirt,-40185.9377892318
1061,jean,washing,-78234.82318635362
1062,jellyfish,punk,-16377.68078819468
1063,jellyfish,texture,-24261.749401063316
1064,joke,message,-484848.8921179464
1065,journal,writing,-100714.61454525859
1066,judgment,sense,-539701.9393535672
1067,jump,stitch,-219161.03665341536
1068,jump,uniform,-117249.47949564627
1069,jury,school,-1643228.0677571835
1070,justice,official,-1078928.2637983859
1071,juvenile,rope,-32763.28910533873
1072,key,misty,-1008577.5239434999
1073,key,motor,-836262.3691533654
1074,keyboard,soldier,-178328.29308889766
1075,kidnapped,shanghai,-31771.712843345278
1076,kill,sacrifice,-260721.9603370609
1077,kill,shot,-1000547.4444777695
1078,kind,soft,-927684.6915337144
1079,kiss,rusty,-25382.39415421631
1080,kitchen,sleep,-43093.35316496033
1081,kitchen,stair,-150823.40618087084
1082,kitchen,washing,-122634.68076771789
1083,kitten,kitty,-12524.669137346491
1084,knock,tap,-17642.577419413305
1085,lad,wizard,-17505.3864281826
1086,lady,sexy,-149271.71937443517
1087,lake,scenery,-368548.0779328528
1088,lake,town,-1011243.9068958578
1089,lamb,lantern,-33768.19177865484
1090,lamb,number,-1947930.738588516
1091,lamb,snow,-253286.03028197197
1092,landscape,mountain,-227178.88257494342
1093,landscape,stadium,-472828.02083950164
1094,lantern,oak,-49215.33468340952
1095,lapse,suspension,-131010.54444204149
1096,last,last,-0.0
1097,last,senior,-8246376.432717158
1098,laundering,machine,-225224.66657317942
1099,law,mosaic,-2088467.770567455
1100,lawn,sleep,-94106.07720545985
1101,layer,region,-1223140.0745965275
1102,leaf,nature,-328357.2015092711
1103,lean,rest,-946579.9686333969
1104,leap,second,-3596071.414691735
1105,learned,learned,-0.0
1106,leather,pouch,-66740.03297871504
1107,leather,sunshine,-28291.0051959974
1108,leave,pass,-260492.1379850063
1109,left,morning,-1727958.6324356853
1110,left,walk,-2395159.153019066
1111,lego,rodent,-2130.047886785665
1112,lever,machine,-258235.65272053287
1113,lever,open,-1863361.0215288375
1114,licking,marble,-37491.38517046268
1115,licking,pier,-23548.22889306126
1116,licking,puppy,-5463.5890218793365
1117,licking,rusty,-22921.191373922866
1118,licking,sitting,-276152.44890277606
1119,lie,line,-1411185.5414519375
1120,lie,sun,-279760.83114510565
1121,light,shadow,-582083.0498786229
1122,light,sleep,-533281.1045874392
1123,light,sunlight,-650152.4581965369
1124,lighthouse,wall,-760858.3266246094
1125,lighting,man,-1912853.7803561985
1126,lighting,stone,-152672.99384304992
1127,lily,plant,-524305.5039583322
1128,lily,purple,-36617.183657403104
1129,lily,tulip,-9828.814526686294
1130,limb,limb,-0.0
1131,line,street,-414288.69840728206
1132,lion,square,-404464.07222644624
1133,list,position,-232949.43825431305
1134,list,post,-271947.814558234
1135,list,shopping,-705947.273997852
1136,listing,organization,-919107.6841224874
1137,live,stitch,-924578.8064627053
1138,location,space,-664746.4497656232
1139,lock,mannequin,-70778.94352136092
1140,looking,sightseeing,-989283.3958628839
1141,loss,reducing,-805945.6240808062
1142,love,romance,-719031.2332590279
1143,lower,sustain,-889176.3119499972
1144,lunch,morning,-853718.9351654326
1145,lunch,sunny,-110923.8005434357
1146,machine,pond,-228854.2679217499
1147,machine,sketch,-249107.52628333072
1148,machine,washing,-238886.97742865764
1149,magnitude,size,-372690.5198834546
1150,magnolia,maple,-36830.35941991335
1151,maker,manufacturer,-194775.40126771622
1152,makeup,people,-8479731.138430746
1153,male,man,-1781615.8962994814
1154,manufacture,up,-10019524.044764046
1155,map,sewing,-257609.30088799217
1156,map,video,-256985.72063443565
1157,maple,oak,-16271.216395832244
1158,marble,postcard,-33788.46359336284
1159,marble,sing,-43746.52695929143
1160,market,shop,-2587448.0357046756
1161,market,sweeten,-2818603.694119661
1162,mars,water,-1196165.9945107955
1163,mask,roof,-122372.85202200658
1164,match,matchstick,-1009713.0064290542
1165,match,play,-1288003.9922399297
1166,matter,text,-620766.2696973813
1167,mayor,villa,-486864.2411915254
1168,meal,rice,-201948.68812894032
1169,means,tool,-701245.3232100734
1170,measure,twist,-465019.1612471471
1171,meat,moon,-63796.54337814859
1172,meat,potato,-134644.1318587634
1173,meat,soup,-107759.50648086725
1174,medium,organization,-896372.6753755936
1175,melody,music,-948369.7301464217
1176,memorial,rope,-221882.09198355846
1177,memory,operation,-317091.52647461323
1178,metro,rail,-74089.38139841633
1179,metro,train,-349666.0877780406
1180,military,reflection,-2772872.2195431176
1181,military,wasp,-2819623.7023954107
1182,mill,wild,-218377.20287383482
1183,mill,windmill,-47123.88381702028
1184,miniature,paint,-98187.06535995482
1185,miniature,painting,-103901.75376768208
1186,minister,work,-983727.2068027793
1187,mirror,raspberry,-83370.45709962265
1188,mist,sky,-171890.845660844
1189,mist,sunny,-73170.76152398545
1190,misty,sky,-177638.102748256
1191,misty,snow,-282436.0521480929
1192,misty,sunny,-78058.62017740242
1193,misty,sunrise,-14337.054474333328
1194,misty,sunshine,-44923.06767129786
1195,model,toe,-294135.12857018516
1196,mole,spy,-117385.95011754977
1197,moment,thief,-530787.149836919
1198,money,pile,-2514587.787332944
1199,money,quota,-2537943.017973416
1200,monster,rock,-334572.1156985443
1201,month,year,-6524447.603197685
1202,moon,mushroom,-155704.89134898744
1203,morning,sunrise,-1006523.7268261494
1204,morning,sunshine,-977261.1277923625
1205,mortal,mother,-746043.300967174
1206,moss,plant,-490395.57049589994
1207,mother,mother,-0.0
1208,mother,mother-in-law,-747264.331151969
1209,mother,pregnant,-663383.8518557699
1210,mother,yeast,-750305.9173263937
1211,motion,step,-546208.115028512
1212,motto,volunteer,-63559.19105841428
1213,mouth,tongue,-78614.29439357661
1214,move,shifting,-2037623.65994361
1215,move,spread,-1677238.5535268958
1216,move,swell,-2086095.6706721263
1217,mozart,wagner,-27503.63523245619
1218,museum,swim,-573091.514026337
1219,music,musician,-923592.1640989591
1220,music,print,-839906.4269524313
1221,music,track,-433393.6047255425
1222,musical,solo,-101046.15845740974
1223,nail,rusty,-7598.607175002556
1224,nation,spanish,-684008.2356287827
1225,native,rhodes,-237841.02548130747
1226,necklace,snow,-279180.80363270006
1227,nest,wasp,-25843.14030840683
1228,noodle,pigeon,-2851.784178369755
1229,novel,story,-1622061.3815984272
1230,nude,painting,-103957.86345919211
1231,nurse,nurse,-0.0
1232,nut,sunflower,-10093.846442263786
1233,observation,radio,-779266.3383144425
1234,observe,violating,-47624.72399920022
1235,obvious,plain,-98854.02309466215
1236,obvious,room,-826305.3623461499
1237,occasion,second,-3565185.451459292
1238,occupation,place,-1959907.8065720317
1239,ocean,pacific,-246547.67357653225
1240,ocean,underwater,-200800.42620721704
1241,ocean,water,-1057809.736731517
1242,old,race,-291380.83315654105
1243,old,seat,-975877.0452090782
1244,operation,operation,-0.0
1245,opinion,sentiment,-225007.9293291683
1246,orange,peel,-171316.72135550552
1247,orange,raspberry,-185216.20284953486
1248,orange,shop,-66390.61232584009
1249,origami,stadium,-588615.2089480876
1250,origin,root,-24155.447625742785
1251,out,sent,-8348540.162070677
1252,outdoor,pool,-124190.29629161849
1253,outdoor,swimming,-22384.04038595366
1254,outfit,sign,-705142.0734071967
1255,outfit,sock,-25426.921952922257
1256,overflow,sewer,-6212.673579064026
1257,pain,suffering,-53505.51043584216
1258,paint,picture,-270640.9733484565
1259,paint,portrait,-49650.30642402945
1260,painting,sculpture,-80004.98595087675
1261,palace,ruin,-205080.326777095
1262,panorama,scenery,-11915.324208765764
1263,panorama,view,-669330.9120240908
1264,panorama,zoo,-56540.93875237655
1265,paper,railway,-438729.7243497414
1266,paper,vine,-497370.85852711584
1267,papers,security,-2580477.9192250436
1268,park,parking,-676034.2706209507
1269,part,relation,-3203366.9100377825
1270,party,seat,-2388502.382749074
1271,pass,ticket,-464269.00653931266
1272,pass,topping,-641107.458938827
1273,passage,quotation,-150782.52943892457
1274,passing,passing,-0.0
1275,path,star,-551226.5093425749
1276,patio,sleep,-138204.7470168807
1277,patio,stair,-12473.715925897975
1278,patio,staircase,-3892.9301303773846
1279,patio,woman,-898163.6960855171
1280,pavilion,terrace,-11252.90438064774
1281,paw,theatre,-43801.65878137512
1282,peel,skin,-147415.8239470919
1283,pennsylvania,writer,-156925.3237849139
1284,people,wounded,-8138504.64743947
1285,pepper,potato,-70655.68968597073
1286,pepper,tomato,-74955.42656138945
1287,person,tiger,-627057.290208798
1288,personnel,police,-3701198.4843238313
1289,persuasion,weapon,-124106.68282973304
1290,petal,shade,-33509.75241627418
1291,photo,photography,-723631.4387511092
1292,photograph,still,-3804569.7626822446
1293,photographer,portrait,-27615.772902455883
1294,photographer,wedding,-66901.52036388995
1295,piano,wolf,-17964.195974215032
1296,pigeon,round,-1141205.0340508502
1297,pillow,stone,-197482.0111174691
1298,pink,skirt,-53556.124915830114
1299,pink,white,-2103929.1649941537
1300,place,place,-0.0
1301,place,siphon,-2122471.0312454225
1302,plain,report,-2241645.6342785303
1303,plant,seed,-406864.4612804122
1304,plant,skate,-497229.83331453486
1305,play,rail,-2123337.6832046737
1306,play,sign,-1531331.6258586834
1307,play,thousand,-2128234.9293532
1308,player,slave,-901736.3622179169
1309,pledge,promise,-124736.39435625848
1310,plot,strategy,-232319.68693806432
1311,point,second,-1930495.0835876265
1312,point,spot,-1369008.7929739533
1313,point,tennis,-1574942.259779066
1314,point,trouble,-1410933.597428314
1315,poll,poll,-0.0
1316,pond,water,-1240741.763353277
1317,poodle,puppy,-6842.7313260130195
1318,poodle,terrier,-2198.3728073282014
1319,pool,relax,-164588.52589715918
1320,porch,roof,-136251.71781669394
1321,porch,scooter,-24242.465427427207
1322,porch,staircase,-17829.480054112686
1323,portrait,underground,-50501.72618831945
1324,potato,rice,-248957.44328298283
1325,president,president,-0.0
1326,price,price,-0.0
1327,principle,principle,-0.0
1328,privilege,rich,-312113.5715536894
1329,production,production,-0.0
1330,profiling,racism,-51969.407327773
1331,protection,roof,-249401.82083737737
1332,protest,tile,-450666.657653969
1333,publish,show,-1809945.0199801647
1334,pug,puppy,-9070.41763095837
1335,punk,vinyl,-5524.711485679567
1336,puppy,skyline,-14028.255557980088
1337,purple,violet,-41942.34659625044
1338,pyramid,speculation,-195011.9589025252
1339,quality,romance,-324052.45791383844
1340,queen,queen,-0.0
1341,race,racing,-1042869.9341917009
1342,race,square,-849561.8995211608
1343,radical,role,-920260.0736503789
1344,rail,train,-278067.2175428094
1345,railroad,underground,-33353.47080889788
1346,railway,station,-629619.4148340721
1347,rain,wet,-435583.0452818368
1348,raise,shoulders,-553830.722844987
1349,raising,upbringing,-298967.48538595263
1350,raspberry,sweet,-134057.33637142007
1351,read,reading,-280628.53358666156
1352,rebel,soldier,-325935.6758779249
1353,rebel,young,-901019.6895972915
1354,recognize,succeed,-65901.32629166132
1355,record,score,-1047143.276640785
1356,record,write,-1215870.556834073
1357,red,shade,-996866.9497671191
1358,red,stripe,-1022553.5696495319
1359,redhead,rusty,-25047.953209793373
1360,relax,sitting,-233734.19962855233
1361,relief,total,-560454.1024678114
1362,religion,remedy,-165382.7568460515
1363,religion,trinity,-181666.47394607478
1364,report,study,-1430966.8776481166
1365,reptile,vacation,-135599.5883105844
1366,reservation,reservation,-0.0
1367,resistance,resistance,-0.0
1368,reverse,reverse,-0.0
1369,rice,yellow,-119645.99596727014
1370,ripple,shadow,-82403.33973207611
1371,ripple,wave,-245766.5456505421
1372,river,valley,-198656.79120533454
1373,river,waterfall,-581307.4929346769
1374,robbery,rolling,-76386.42099876126
1375,rod,rod,-0.0
1376,role,title,-382538.0788745094
1377,rolling,sound,-293791.70637375035
1378,room,sitting,-729409.0528777392
1379,root,stem,-63753.35906444495
1380,rope,shore,-98919.28252368174
1381,rose,rose,-0.0
1382,round,shape,-933795.9079199258
1383,row,terrace,-274989.9845503475
1384,rub,wipe,-20752.64137405158
1385,ruin,stone,-174728.51068443293
1386,ruin,town,-1351380.7503431456
1387,running,sprint,-861784.2172017307
1388,rusty,shade,-9953.288200388832
1389,rusty,stand,-522238.84826580965
1390,saddle,soap,-35701.96470784205
1391,sail,sheet,-43841.69921433234
1392,sailing,sunk,-21691.046516938786
1393,sake,shade,-33240.28785976445
1394,satellite,solar,-170291.49327843735
1395,scenery,trail,-153334.4110596183
1396,school,welsh,-1987183.9578222213
1397,sea,shore,-428262.55140159145
1398,sea,submarine,-479489.82681596145
1399,sea,water,-741598.7226613851
1400,season,winter,-2321156.9015303547
1401,seize,take,-3261651.5301403655
1402,series,string,-1471647.3265629902
1403,sex,sex,-0.0
1404,sexy,smile,-78028.54427067077
1405,shade,tree,-160566.89921960898
1406,shade,whale,-10915.39797716968
1407,shadow,sunlight,-69812.50377260575
1408,shape,square,-239113.3409640713
1409,sheet,sheet,-0.0
1410,shining,work,-3142924.605815103
1411,ship,spouse,-319631.9271537191
1412,shirt,tiger,-83790.68198194836
1413,shopping,store,-227873.7647580344
1414,shore,swim,-82283.15651456264
1415,shore,town,-1263575.8073997789
1416,shore,valley,-282715.03432962287
1417,short,trading,-374029.0338877447
1418,sight,vision,-59682.29960381883
1419,sign,sign,-0.0
1420,silence,still,-3739640.374421182
1421,single,sole,-679318.316074283
1422,sitting,sleep,-139056.54042151343
1423,situation,things,-632917.8770843825
1424,skate,vehicle,-277655.8960926272
1425,skating,sticker,-74480.10803563576
1426,skin,skin,-0.0
1427,sky,sunlight,-157673.03272912587
1428,skyline,view,-656386.0024147367
1429,slash,stroke,-76862.02401056036
1430,slave,worker,-143814.6202199204
1431,sleeping,waking,-63587.99937881366
1432,small,valley,-1125031.0602845587
1433,small,village,-983419.7416967998
1434,smile,time,-7221547.09712178
1435,smile,view,-576168.3084811242
1436,smile,walk,-243416.49801112508
1437,smoking,sunny,-75653.09483424995
1438,snap,touch,-163585.14962245207
1439,sock,stocking,-5295.378834417784
1440,solstice,summer,-896865.4601739327
1441,song,vocal,-174045.11210028292
1442,speech,word,-134585.53237254024
1443,spin,sweat,-47614.51605340521
1444,spiral,staircase,-14938.71413475738
1445,spread,spread,-0.0
1446,square,town,-942913.0892038766
1447,stamp,weave,-52304.14382245439
1448,stand,tear,-440847.74001462216
1449,stand,walk,-210259.91882667522
1450,star,star,-0.0
1451,star,storm,-441133.6769132457
1452,steel,wing,-80138.83964720188
1453,step,travel,-177689.15606192793
1454,step,walk,-399965.17757674924
1455,step,wind,-412982.57959991484
1456,sticker,track,-543184.0390641101
1457,stock,stock,-0.0
1458,storm,thunderstorm,-330980.81803633267
1459,straight,stretch,-453331.5808312936
1460,strains,trouble,-368665.74173768854
1461,stream,waterfall,-90571.52420049018
1462,stripe,train,-398798.58421263215
1463,stripe,violet,-2473.25170575093
1464,subway,underground,-22307.44360073571
1465,subway,valentine,-85921.65922513357
1466,sun,sun,-0.0
1467,sun,sunburst,-406766.0046033841
1468,sun,sunlight,-380414.9341074826
1469,sun,sunshine,-356797.53741162503
1470,sunlight,thriller,-13023.07432981944
1471,sunny,weather,-407966.8454813451
1472,sunny,wet,-34326.2434443387
1473,sunshine,weather,-432640.6589850285
1474,support,trace,-1856903.7250659997
1475,surface,territory,-173221.78613557795
1476,surfer,wave,-253231.23784596566
1477,tall,wool,-86325.46938766104
1478,tenure,term,-477804.0515001946
1479,thing,thing,-0.0
1480,ticket,writing,-118088.74640286417
1481,tops,tops,-0.0
1482,touch,upset,-45399.964625536835
1483,tour,travel,-267852.11371015856
1484,traffic,traffic,-0.0
1485,train,train,-0.0
1486,travel,travel,-0.0
1487,travel,wandering,-639686.1411153129
1488,tunnel,underground,-24530.086363484297
1489,type,write,-107883.25617073328
1490,valley,village,-172680.3708184573
1491,van,vine,-388699.41902323416
1492,violet,white,-2175934.7541550943
1493,violet,yellow,-174118.39935515125
1494,washer,worker,-185563.1908057198
1495,water,water,-0.0
1496,ways,ways,-0.0
1497,weather,winter,-99954.15874789776
1498,wednesday,weekday,-3142249.5446315245
1499,word,word,-0.0
